antecedents,consequents,antecedent support,consequent support,support,confidence,lift,leverage,conviction,zhangs_metric
냉동,계란,0.3855353677897336,0.0475392485447168,0.018698183101076,0.0484992679355783,1.0201942483368962,0.000370121428941,1.0010089528662565,0.0322142430784929
계란,냉동,0.0475392485447168,0.3855353677897336,0.018698183101076,0.3933209647495361,1.0201942483368962,0.000370121428941,1.012833139942916,0.0207824973311644
고구,과일,0.2337978479449638,0.1327394602222614,0.0318574704533427,0.1362607514712539,1.0265278406518783,0.0008232703160018,1.0040767989355477,0.03372778340547
과일,고구,0.1327394602222614,0.2337978479449638,0.0318574704533427,0.24,1.0265278406518787,0.0008232703160018,1.0081607263882055,0.0297976202583138
국수,고구,0.0544187687422825,0.2337978479449638,0.013035808784618,0.239546191247974,1.02458681015902,0.0003128177648577,1.0075590959462006,0.02537783584353
고구,국수,0.2337978479449638,0.0544187687422825,0.013035808784618,0.0557567526784367,1.02458681015902,0.0003128177648577,1.001416990738297,0.0313191566993376
고구,김,0.2337978479449638,0.163838419474334,0.0391779855353677,0.1675720537196318,1.0227885147896134,0.0008729156515642,1.004485234141863,0.0290794917405329
김,고구,0.163838419474334,0.2337978479449638,0.0391779855353677,0.2391257536606374,1.0227885147896132,0.0008729156515642,1.0070023472884075,0.0266464875583686
고구,냉동,0.2337978479449638,0.3855353677897336,0.0927147645087317,0.3965595291987325,1.0285944230543624,0.0025774252128218,1.0182688466260157,0.0362822160857249
냉동,고구,0.3855353677897336,0.2337978479449638,0.0927147645087317,0.2404831625183016,1.0285944230543624,0.0025774252128218,1.0088020623683658,0.0452418423924771
고구,드레,0.2337978479449638,0.045845828188393,0.0110425119068618,0.0472310245963482,1.0302142302296975,0.000323855939161,1.001453863889059,0.0382772406216542
드레,고구,0.045845828188393,0.2337978479449638,0.0110425119068618,0.2408618699499807,1.0302142302296975,0.000323855939161,1.0093053183938363,0.0307372802063591
라면,고구,0.1144822720056447,0.2337978479449638,0.0267948491797495,0.2340523882896764,1.0010887197934026,2.9140356979800303e-05,1.0003323208282409,0.0012281355158695
고구,라면,0.2337978479449638,0.1144822720056447,0.0267948491797495,0.1146069111211709,1.0010887197934026,2.9140356979800303e-05,1.0001407726320566,0.0014193849087542
고구,마른,0.2337978479449638,0.0910742635385429,0.022049744222967,0.0943111513505356,1.0355411911799086,0.0007567774044831,1.0035739512712556,0.0447941431071
마른,고구,0.0910742635385429,0.2337978479449638,0.022049744222967,0.242107301956227,1.0355411911799086,0.0007567774044831,1.010963892425288,0.0377603664098433
맛김,고구,0.0492326689010407,0.2337978479449638,0.011571705768213,0.2350412038695807,1.005318081135245,6.12137305628143e-05,1.001625389407778,0.0055638730796852
고구,맛김,0.2337978479449638,0.0492326689010407,0.011571705768213,0.0494944922287611,1.005318081135245,6.12137305628143e-05,1.0002754569285288,0.0069041162888376
고구,밤,0.2337978479449638,0.0844064208855177,0.0201799259128594,0.0863135657160102,1.0225947837911435,0.0004458863570885,1.0020873078103507,0.028837741823514
밤,고구,0.0844064208855177,0.2337978479449638,0.0201799259128594,0.2390804597701149,1.0225947837911435,0.0004458863570885,1.006942405268703,0.024132475750817
고구,생선,0.2337978479449638,0.1191038983947786,0.0288057858528841,0.1232080881243398,1.0344589034017808,0.0009595507263292,1.0046809165025044,0.0434755258167277
생선,고구,0.1191038983947786,0.2337978479449638,0.0288057858528841,0.2418542654028436,1.0344589034017808,0.0009595507263292,1.0106264760061738,0.0378149493246702
고구,소시,0.2337978479449638,0.0538542952901746,0.0130710883753748,0.0559076505205975,1.0381279751106045,0.0004800700339394,1.002174951668187,0.0479346410541005
소시,고구,0.0538542952901746,0.2337978479449638,0.0130710883753748,0.2427120864723223,1.0381279751106045,0.0004800700339394,1.0117712673979349,0.0388181492034586
고구,스낵,0.2337978479449638,0.1032633621449991,0.0255247839125066,0.1091745888033801,1.0572441816302731,0.0013820320714443,1.0066356735944932,0.0706663532101786
스낵,고구,0.1032633621449991,0.2337978479449638,0.0255247839125066,0.2471814144174923,1.0572441816302731,0.0013820320714443,1.0177779437554304,0.0603797253528467
고구,아몬,0.2337978479449638,0.0434291762215558,0.0103545598871053,0.0442885166742115,1.0197871690743516,0.0002009119484829,1.0008991630504065,0.0253239095590012
아몬,고구,0.0434291762215558,0.2337978479449638,0.0103545598871053,0.2384240454914703,1.0197871690743516,0.0002009119484829,1.0060745057917329,0.0202841582873198
고구,잼,0.2337978479449638,0.1068442406068089,0.0263538542952901,0.1127206880941602,1.0550001334089392,0.0013739007761043,1.0066229961732445,0.0680405571082563
잼,고구,0.1068442406068089,0.2337978479449638,0.0263538542952901,0.2466567607726597,1.0550001334089394,0.0013739007761043,1.0170691288620106,0.0583692382152789
고구,즉석,0.2337978479449638,0.1862056800141118,0.043676133356853,0.186811528595141,1.0032536525254403,0.0001416460944251,1.000745028492574,0.0042326957634808
즉석,고구,0.1862056800141118,0.2337978479449638,0.043676133356853,0.2345585449033725,1.0032536525254403,0.0001416460944251,1.000993801620416,0.0039851600377715
고구,커피,0.2337978479449638,0.170682660081143,0.0403598518257188,0.1726271314320205,1.0113923192312158,0.0004546132172257,1.0023501753861508,0.0147010761593137
커피,고구,0.170682660081143,0.2337978479449638,0.0403598518257188,0.2364613476643241,1.0113923192312158,0.0004546132172257,1.003488362653564,0.0135822509051761
미역,고등,0.0924148879872993,0.1605574175339566,0.0148879872993473,0.1610994464592479,1.0033759195533694,5.009154241667792e-05,1.0006461182115134,0.003707157622294
고등,미역,0.1605574175339566,0.0924148879872993,0.0148879872993473,0.0927268732146781,1.0033759195533694,5.009154241667792e-05,1.000343871341681,0.0040080895777223
고등,즉석,0.1605574175339566,0.1862056800141118,0.0302698888692891,0.1885299934080421,1.0124825053336406,0.000373185756069,1.0028643244667688,0.0146866666157243
즉석,고등,0.1862056800141118,0.1605574175339566,0.0302698888692891,0.1625615763546798,1.0124825053336406,0.000373185756069,1.0023932014153345,0.0151495446072113
사과,고사,0.2817604515787617,0.0364790968424766,0.0106367966131592,0.0377512051587053,1.034872253601066,0.0003584298136376,1.0013220160139962,0.0469163217811606
고사,사과,0.0364790968424766,0.2817604515787617,0.0106367966131592,0.2915860735009671,1.0348722536010662,0.0003584298136376,1.0138698881468402,0.0349729389982702
김치,과일,0.1897336390897865,0.1327394602222614,0.0264949726583171,0.1396429899590926,1.0520081197051108,0.0013098318195335,1.0080240291602935,0.0610132629940822
과일,김치,0.1327394602222614,0.1897336390897865,0.0264949726583171,0.1996013289036544,1.0520081197051108,0.0013098318195335,1.0123284685122622,0.057003624984647
도라,과일,0.1218909860645616,0.1327394602222614,0.0168460045863468,0.138205499276411,1.0411787048478056,0.0006662608901776,1.0063426246623297,0.0450400610855301
과일,도라,0.1327394602222614,0.1218909860645616,0.0168460045863468,0.1269102990033222,1.0411787048478056,0.0006662608901776,1.0057489086551252,0.04560346264289
사과,과일,0.2817604515787617,0.1327394602222614,0.037537484565179,0.1332248168784824,1.0036564609755707,0.0001367543106335,1.000559956798109,0.005072318816788
과일,사과,0.1327394602222614,0.2817604515787617,0.037537484565179,0.2827906976744186,1.0036564609755707,0.0001367543106335,1.0014364650490677,0.0042007445390655
과일,상추,0.1327394602222614,0.1528488269536073,0.0209384371141294,0.1577408637873754,1.0320057204969777,0.0006493663287017,1.0058082324351696,0.0357598688322449
상추,과일,0.1528488269536073,0.1327394602222614,0.0209384371141294,0.1369878822850548,1.032005720496978,0.0006493663287017,1.0049227837889951,0.0366087236051499
수박,과일,0.0753219262656553,0.1327394602222614,0.0107073557946727,0.1421545667447307,1.0709292210975128,0.0007091639592687,1.0109752947996025,0.0716265218137374
과일,수박,0.1327394602222614,0.0753219262656553,0.0107073557946727,0.0806644518272425,1.0709292210975123,0.0007091639592687,1.0058112900912033,0.0763686011080263
키위,과일,0.1144293526195096,0.1327394602222614,0.0155230199329687,0.1356559272390936,1.0219713641440815,0.0003337294326722,1.003374196814373,0.0242770035474156
과일,키위,0.1327394602222614,0.1144293526195096,0.0155230199329687,0.1169435215946843,1.0219713641440815,0.0003337294326722,1.002847121375198,0.024789553729094
파,과일,0.1207796789557241,0.1327394602222614,0.0165814076556711,0.1372864028041478,1.0342546411916462,0.0005491782652703,1.0052705122495642,0.0376698791652595
과일,파,0.1327394602222614,0.1207796789557241,0.0165814076556711,0.1249169435215946,1.0342546411916462,0.0005491782652703,1.0047278535851445,0.038189358023676
과일,파프,0.1327394602222614,0.1019227376962427,0.0143764332333744,0.1083056478405315,1.0626249872065998,0.0008472640472,1.0071581816446755,0.0679544715771792
파프,과일,0.1019227376962427,0.1327394602222614,0.0143764332333744,0.1410522672204915,1.0626249872065996,0.0008472640472,1.0096778961990274,0.0656226743222033
호박,과일,0.177385782324925,0.1327394602222614,0.0241312400776151,0.1360381861575179,1.024851132660424,0.0005851470807009,1.003818138582521,0.0294774010980617
과일,호박,0.1327394602222614,0.177385782324925,0.0241312400776151,0.1817940199335548,1.0248511326604235,0.0005851470807009,1.0053876868612863,0.0279599130032953
국수,사과,0.0544187687422825,0.2817604515787617,0.0156641382959957,0.2878444084278768,1.02159265722008,0.00033108144081,1.0085430163311426,0.0223526740059713
사과,국수,0.2817604515787617,0.0544187687422825,0.0156641382959957,0.0555938145620735,1.02159265722008,0.00033108144081,1.0012442165647677,0.0294278824591717
토마,국수,0.2165990474510495,0.0544187687422825,0.0118186629035103,0.054564703966121,1.002681707565446,3.160943047295951e-05,1.0001543577063927,0.0034140056063829
국수,토마,0.0544187687422825,0.2165990474510495,0.0118186629035103,0.2171799027552674,1.0026817075654455,3.160943047295951e-05,1.0007420035666716,0.0028284563564046
낙지,김,0.1041453519139178,0.163838419474334,0.0174457576292115,0.1675135501355013,1.022431433805079,0.0003827477760368,1.0044146432194367,0.0244898029069976
김,낙지,0.163838419474334,0.1041453519139178,0.0174457576292115,0.1064814814814815,1.0224314338050788,0.0003827477760368,1.0026145284279468,0.0262381150676086
도라,김,0.1218909860645616,0.163838419474334,0.0203386840712647,0.1668596237337192,1.018440145291187,0.0003682575662789,1.0036262847719908,0.020619607452322
김,도라,0.163838419474334,0.1218909860645616,0.0203386840712647,0.1241386735572782,1.018440145291187,0.0003682575662789,1.002566259549152,0.021654024281182
상추,김,0.1528488269536073,0.163838419474334,0.0251896278003175,0.164800923254472,1.0058747135331632,0.0001471175737324,1.0011524243823262,0.006894168390938
김,상추,0.163838419474334,0.1528488269536073,0.0251896278003175,0.1537467700258398,1.0058747135331632,0.0001471175737324,1.0010610808212337,0.0069847777936542
수박,김,0.0753219262656553,0.163838419474334,0.0132298465337802,0.1756440281030445,1.0720564118391036,0.0008892211826529,1.014321008194487,0.0726882869133918
김,수박,0.163838419474334,0.0753219262656553,0.0132298465337802,0.0807493540051679,1.0720564118391034,0.0008892211826529,1.0059041870279448,0.0803831061980507
오징,김,0.085270770859058,0.163838419474334,0.0145881107779149,0.1710798510550269,1.044198617173716,0.0006174824530088,1.0087359820965982,0.0462735705275554
김,오징,0.163838419474334,0.085270770859058,0.0145881107779149,0.0890396210163652,1.0441986171737163,0.0006174824530088,1.004137227308955,0.0506215407214234
김,전복,0.163838419474334,0.0669077438701711,0.0115540659728347,0.0705211024978466,1.0540050884795489,0.0005920069665523,1.003887510127864,0.0612776025490597
전복,김,0.0669077438701711,0.163838419474334,0.0115540659728347,0.1726865278143949,1.0540050884795489,0.0005920069665523,1.010694988825319,0.0549120161073507
키위,김,0.1144293526195096,0.163838419474334,0.0203739636620215,0.1780484045013103,1.086731702323351,0.0016260393873698,1.017288104439234,0.0901223112087004
김,키위,0.163838419474334,0.1144293526195096,0.0203739636620215,0.1243540051679586,1.086731702323351,0.0016260393873698,1.0113340923238652,0.0954476686555501
토마,김,0.2165990474510495,0.163838419474334,0.0362850590933145,0.1675217851616581,1.022481696900775,0.0007978134992882,1.0044245790720654,0.0280665770754282
김,토마,0.163838419474334,0.2165990474510495,0.0362850590933145,0.2214685615848406,1.022481696900775,0.0007978134992882,1.0062547430887363,0.0262956152587832
파,김,0.1207796789557241,0.163838419474334,0.0204974422296701,0.1697093617642763,1.0358337336796757,0.0007090905249468,1.0070709484361011,0.0393463357904233
김,파,0.163838419474334,0.1207796789557241,0.0204974422296701,0.1251076658053402,1.0358337336796752,0.0007090905249468,1.004946879382136,0.0413725035821709
김,파프,0.163838419474334,0.1019227376962427,0.017234080084671,0.1051894918173988,1.0320512791845515,0.0005352198320214,1.0036507775571288,0.037141024716965
파프,김,0.1019227376962427,0.163838419474334,0.017234080084671,0.1690896503980616,1.0320512791845515,0.0005352198320214,1.0063198525884811,0.0345804300289436
풋고,김,0.0827306403245722,0.163838419474334,0.0143411536426177,0.1733475479744136,1.0580396742753564,0.0007866962897402,1.0115031758228974,0.0598034345728073
김,풋고,0.163838419474334,0.0827306403245722,0.0143411536426177,0.087532299741602,1.0580396742753564,0.0007866962897402,1.005262278780575,0.0656043752961052
호박,김,0.177385782324925,0.163838419474334,0.0302346092785323,0.1704455051710421,1.040326839809042,0.0011720030651983,1.0079646192479137,0.0471224839885003
김,호박,0.163838419474334,0.177385782324925,0.0302346092785323,0.1845391903531438,1.040326839809042,0.0011720030651983,1.008772227853987,0.0463590126644387
김치,냉동,0.1897336390897865,0.3855353677897336,0.0740518609984124,0.39029378951283,1.0123423740612345,0.0009028326698469,1.007804450145414,0.0150467768314266
냉동,김치,0.3855353677897336,0.1897336390897865,0.0740518609984124,0.1920754026354319,1.0123423740612345,0.0009028326698469,1.002898492697566,0.0198414952912312
김치,라면,0.1897336390897865,0.1144822720056447,0.0223143411536426,0.1176087764968389,1.0273099444693068,0.0005932030747448,1.0035432180283728,0.0328088883672415
라면,김치,0.1144822720056447,0.1897336390897865,0.0223143411536426,0.1949152542372881,1.027309944469307,0.0005932030747448,1.0064361114463705,0.0300207864195393
김치,마른,0.1897336390897865,0.0910742635385429,0.018274828011995,0.0963183339531424,1.0575801572348722,0.000994976563405,1.0058030063147565,0.0671941931793023
마른,김치,0.0910742635385429,0.1897336390897865,0.018274828011995,0.2006585318613209,1.0575801572348722,0.000994976563405,1.0136673664597606,0.0599005971529115
김치,미역,0.1897336390897865,0.0924148879872993,0.0185217851472922,0.0976199330606173,1.056322581638938,0.0009875721433869,1.0057681294878025,0.0658048919049487
미역,김치,0.0924148879872993,0.1897336390897865,0.0185217851472922,0.2004199274670738,1.056322581638938,0.0009875721433869,1.0133648758196725,0.0587487493879985
김치,밤,0.1897336390897865,0.0844064208855177,0.0160345739989416,0.0845109706210487,1.0012386467099796,1.983660178817015e-05,1.000114200970384,0.0015267996081622
밤,김치,0.0844064208855177,0.1897336390897865,0.0160345739989416,0.1899686520376175,1.0012386467099796,1.983660178817015e-05,1.0002901282134602,0.0013511610288281
김치,빵,0.1897336390897865,0.08904568707003,0.0179749514905627,0.0947378207512086,1.063923743737325,0.0010799892375155,1.0062878288872092,0.0741521745604787
빵,김치,0.08904568707003,0.1897336390897865,0.0179749514905627,0.2018621236133121,1.063923743737325,0.0010799892375155,1.0151959766380634,0.0659561207207511
김치,생선,0.1897336390897865,0.1191038983947786,0.0234609278532369,0.1236519152101152,1.03818528928635,0.0008629117810153,1.0051897378385064,0.0453934723603102
생선,김치,0.1191038983947786,0.1897336390897865,0.0234609278532369,0.1969786729857819,1.03818528928635,0.0008629117810153,1.009022218529281,0.0417538499619225
김치,소시,0.1897336390897865,0.0538542952901746,0.010530957840889,0.0555039047973224,1.0306309737832324,0.0003129864148682,1.0017465498433786,0.0366800403083618
소시,김치,0.0538542952901746,0.1897336390897865,0.010530957840889,0.1955453652145431,1.0306309737832324,0.0003129864148682,1.0072244299099682,0.0314122894927809
김치,스낵,0.1897336390897865,0.1032633621449991,0.0201270065267242,0.1060803272592041,1.0272794247222896,0.000534473042307,1.003151250833946,0.0327731970120448
스낵,김치,0.1032633621449991,0.1897336390897865,0.0201270065267242,0.1949094636146224,1.0272794247222898,0.000534473042307,1.0064288726434096,0.0296129520723752
김치,잼,0.1897336390897865,0.1068442406068089,0.021344152407832,0.112495351431759,1.0528911132023149,0.0010722058217174,1.0063674154654476,0.0619971090393079
잼,김치,0.1068442406068089,0.1897336390897865,0.021344152407832,0.1997688624731715,1.0528911132023149,0.0010722058217174,1.012540406031187,0.0562434619045202
김치,즉석,0.1897336390897865,0.1862056800141118,0.0359675427765037,0.1895686128672369,1.0180603129446435,0.000638061488238,1.0041495589960092,0.0218939415665434
즉석,김치,0.1862056800141118,0.1897336390897865,0.0359675427765037,0.1931602879878741,1.0180603129446435,0.000638061488238,1.004247000794671,0.0217990270064942
김치,치즈,0.1897336390897865,0.0855000881989768,0.0164932086787793,0.0869282261063592,1.016703350107181,0.0002709658022897,1.0015641025691686,0.0202759644214007
치즈,김치,0.0855000881989768,0.1897336390897865,0.0164932086787793,0.1929028264906127,1.016703350107181,0.0002709658022897,1.0039266491134469,0.0179649354731134
김치,커피,0.1897336390897865,0.170682660081143,0.0345210795554771,0.1819449609520267,1.0659838607245142,0.0021368373287568,1.0137671676516904,0.076394005938493
커피,김치,0.170682660081143,0.1897336390897865,0.0345210795554771,0.2022529971062422,1.0659838607245142,0.0021368373287568,1.015693393984613,0.0746390919466273
낙지,라면,0.1041453519139178,0.1144822720056447,0.0122596577879696,0.1177168021680216,1.0282535462103466,0.0003368612820369,1.003666090627505,0.0306715128822394
라면,낙지,0.1144822720056447,0.1041453519139178,0.0122596577879696,0.1070878274268104,1.0282535462103466,0.0003368612820369,1.003295369470004,0.031029550861303
낙지,미역,0.1041453519139178,0.0924148879872993,0.0100017639795378,0.0960365853658536,1.0391895446440624,0.0003771829480152,1.004006464553679,0.0420957156671722
미역,낙지,0.0924148879872993,0.1041453519139178,0.0100017639795378,0.1082267608322199,1.0391895446440629,0.0003771829480152,1.00457673401605,0.0415516319580379
낙지,생선,0.1041453519139178,0.1191038983947786,0.0124536955371317,0.1195799457994579,1.0039969086746554,4.957812448803944e-05,1.0005407048628754,0.0044437978881332
생선,낙지,0.1191038983947786,0.1041453519139178,0.0124536955371317,0.1045616113744075,1.0039969086746554,4.957812448803944e-05,1.0004648666684133,0.004519258271191
낙지,즉석,0.1041453519139178,0.1862056800141118,0.0200388075498324,0.1924119241192411,1.0333300472072549,0.0006463514763923,1.0076849130026602,0.0360047101813019
즉석,낙지,0.1862056800141118,0.1041453519139178,0.0200388075498324,0.1076165214096248,1.0333300472072549,0.0006463514763923,1.0038897733754442,0.0396353060924177
낙지,커피,0.1041453519139178,0.170682660081143,0.0179749514905627,0.1725948509485094,1.011203193496383,0.0001991457908084,1.0023110695764443,0.0123670424962764
커피,낙지,0.170682660081143,0.1041453519139178,0.0179749514905627,0.1053121124431583,1.011203193496383,0.0001991457908084,1.0013040978261445,0.0133592678822455
냉동,닭고,0.3855353677897336,0.039707179396719,0.0155230199329687,0.0402635431918008,1.0140116675003072,0.0002144979203617,1.000579704762839,0.0224879558633936
닭고,냉동,0.039707179396719,0.3855353677897336,0.0155230199329687,0.3909373611728121,1.0140116675003072,0.0002144979203617,1.0088693560213782,0.0143894166782169
도라,냉동,0.1218909860645616,0.3855353677897336,0.0474863291585817,0.3895803183791606,1.010491775664102,0.0004930430159276,1.006626507485287,0.0118240913809767
냉동,도라,0.3855353677897336,0.1218909860645616,0.0474863291585817,0.1231698389458272,1.010491775664102,0.0004930430159276,1.0014584955423158,0.0168973781060178
딸기,냉동,0.1215734697477509,0.3855353677897336,0.0475745281354736,0.3913232733604179,1.0150126448939465,0.0007036557628004,1.0095089976622542,0.0168376049399009
냉동,딸기,0.3855353677897336,0.1215734697477509,0.0475745281354736,0.1233986090775988,1.0150126448939465,0.0007036557628004,1.0020820630091944,0.024070708238996
배,냉동,0.0584759216793085,0.3855353677897336,0.0229846533780208,0.3930618401206636,1.0195221319747632,0.0004401174065449,1.012400723547233,0.0203375744319089
냉동,배,0.3855353677897336,0.0584759216793085,0.0229846533780208,0.0596174963396778,1.0195221319747632,0.0004401174065449,1.00121394715015,0.0311626007723242
냉동,블루,0.3855353677897336,0.1006879520197565,0.0401658140765567,0.1041819180087847,1.034700934113176,0.0013470474626248,1.0039003075058073,0.0545794850734303
블루,냉동,0.1006879520197565,0.3855353677897336,0.0401658140765567,0.3989138051857043,1.034700934113176,0.0013470474626248,1.0222571030767125,0.0372920203806808
사과,냉동,0.2817604515787617,0.3855353677897336,0.1112894690421591,0.3949790271082452,1.0244949234428269,0.0026608497141397,1.0156088131513437,0.0332887096123278
냉동,사과,0.3855353677897336,0.2817604515787617,0.1112894690421591,0.2886621522693997,1.0244949234428269,0.0026608497141397,1.0097024229944416,0.038910730587505
냉동,상추,0.3855353677897336,0.1528488269536073,0.059163873699065,0.1534590043923865,1.0039920321990066,0.0002352449832767,1.0007207890012948,0.0064709326376958
상추,냉동,0.1528488269536073,0.3855353677897336,0.059163873699065,0.3870744373918061,1.0039920321990068,0.0002352449832767,1.002511022048947,0.0046935651744195
수박,냉동,0.0753219262656553,0.3855353677897336,0.0298818133709648,0.3967213114754098,1.029014053236685,0.0008425468255042,1.0185419175224524,0.0304927461286936
냉동,수박,0.3855353677897336,0.0753219262656553,0.0298818133709648,0.0775073206442167,1.029014053236685,0.0008425468255042,1.002369009995925,0.0458870572448218
냉동,전복,0.3855353677897336,0.0669077438701711,0.0260363379784794,0.0675329428989751,1.0093441953448192,0.0002410363375117,1.0006704784089078,0.0150662693972637
전복,냉동,0.0669077438701711,0.3855353677897336,0.0260363379784794,0.3891378855786976,1.0093441953448192,0.0002410363375117,1.0058974320127494,0.009921515930663
키위,냉동,0.1144293526195096,0.3855353677897336,0.0458634679837713,0.4008016032064128,1.0395974966037491,0.0017469054356676,1.025477764123488,0.0430109754397148
냉동,키위,0.3855353677897336,0.1144293526195096,0.0458634679837713,0.1189604685212298,1.0395974966037491,0.0017469054356676,1.005142920084545,0.0619877131538154
토마,냉동,0.2165990474510495,0.3855353677897336,0.0836479096842476,0.3861878003094715,1.001692276699485,0.0001413162623012,1.0010629187886242,0.0021565173385548
냉동,토마,0.3855353677897336,0.2165990474510495,0.0836479096842476,0.2169655929721815,1.001692276699485,0.0001413162623012,1.0004681090867045,0.0027494141219085
파,냉동,0.1207796789557241,0.3855353677897336,0.0475392485447168,0.3936030378267854,1.0209258882869907,0.0009744105969958,1.0133042718554175,0.0233126674529824
냉동,파,0.3855353677897336,0.1207796789557241,0.0475392485447168,0.1233071010248901,1.0209258882869907,0.0009744105969958,1.0028829046888834,0.0333574462840616
냉동,파프,0.3855353677897336,0.1019227376962427,0.0396189804198271,0.1027635431918008,1.0082494398655577,0.0003241602559696,1.000937105808818,0.0133155644547645
파프,냉동,0.1019227376962427,0.3855353677897336,0.0396189804198271,0.3887158186223606,1.0082494398655577,0.0003241602559696,1.0052029005976555,0.0091105117107414
풋고,냉동,0.0827306403245722,0.3855353677897336,0.0324748632915858,0.3925373134328358,1.0181616168790018,0.0005792754465716,1.0115265444247628,0.0194464755776543
냉동,풋고,0.3855353677897336,0.0827306403245722,0.0324748632915858,0.0842331625183016,1.0181616168790018,0.0005792754465716,1.0016407257090256,0.0290295897697084
호박,냉동,0.177385782324925,0.3855353677897336,0.0707884988534133,0.3990652346857598,1.0350937113074543,0.0024000060241037,1.0225147015565843,0.0412148209702436
냉동,호박,0.3855353677897336,0.177385782324925,0.0707884988534133,0.1836109077598828,1.0350937113074543,0.0024000060241037,1.007625194278229,0.0551763208682994
사과,당면,0.2817604515787617,0.0383136355618274,0.0112012700652672,0.0397545858636449,1.0376093336141938,0.0004060028077426,1.0015006062831484,0.0504652528621311
당면,사과,0.0383136355618274,0.2817604515787617,0.0112012700652672,0.2923572744014732,1.0376093336141938,0.0004060028077426,1.0149748205406175,0.0376901885760188
도라,마른,0.1218909860645616,0.0910742635385429,0.0115187863820779,0.0945007235890014,1.0376227039048018,0.0004176545942612,1.0037840560889673,0.0412916372621463
마른,도라,0.0910742635385429,0.1218909860645616,0.0115187863820779,0.126476854541933,1.037622703904802,0.0004176545942612,1.0052498534254255,0.0398916626799473
도라,밤,0.1218909860645616,0.0844064208855177,0.0104251190686188,0.0855282199710564,1.0132904472641984,0.0001367371967026,1.001226718101135,0.0149367878564158
밤,도라,0.0844064208855177,0.1218909860645616,0.0104251190686188,0.1235109717868338,1.0132904472641984,0.0001367371967026,1.0018482669721205,0.0143252730852977
도라,빵,0.1218909860645616,0.08904568707003,0.0115364261774563,0.0946454413892908,1.062886305934806,0.0006825595756939,1.0061851506307693,0.0673784222444197
빵,도라,0.08904568707003,0.1218909860645616,0.0115364261774563,0.1295562599049128,1.062886305934806,0.0006825595756939,1.0088061680350688,0.0649490310082339
스낵,도라,0.1032633621449991,0.1218909860645616,0.0127182924678073,0.123163648787154,1.0104409912798502,0.0001314194316115,1.00145142559479,0.0115230079833559
도라,스낵,0.1218909860645616,0.1032633621449991,0.0127182924678073,0.104341534008683,1.0104409912798502,0.0001314194316115,1.0012037756629597,0.0117674494544372
도라,잼,0.1218909860645616,0.1068442406068089,0.01388251896278,0.1138929088277858,1.0659714382445398,0.0008591691198968,1.0079546459916626,0.0704793594994595
잼,도라,0.1068442406068089,0.1218909860645616,0.01388251896278,0.1299323097242859,1.06597143824454,0.0008591691198968,1.009242181671148,0.0692920134276676
도라,즉석,0.1218909860645616,0.1862056800141118,0.0234609278532369,0.1924746743849493,1.0336670415766178,0.0007641339054945,1.0077632170434565,0.0370916241991075
즉석,도라,0.1862056800141118,0.1218909860645616,0.0234609278532369,0.1259946949602122,1.0336670415766178,0.0007641339054945,1.0046952906029143,0.0400229993634103
도라,치즈,0.1218909860645616,0.0855000881989768,0.0104956782501322,0.0861070911722141,1.0070994426558328,7.398819095201341e-05,1.0006641948606605,0.0080279279248862
치즈,도라,0.0855000881989768,0.1218909860645616,0.0104956782501322,0.1227563441303899,1.0070994426558328,7.398819095201341e-05,1.0009864512100353,0.0077084708080326
도라,커피,0.1218909860645616,0.170682660081143,0.0213970717939671,0.1755426917510854,1.0284740797198255,0.0005923940525542,1.0058948251429352,0.0315288340420853
커피,도라,0.170682660081143,0.1218909860645616,0.0213970717939671,0.1253617197188921,1.0284740797198255,0.0005923940525542,1.0039681931749145,0.0333837869276174
즉석,돼지,0.1862056800141118,0.055194919738931,0.0109895925207267,0.0590185676392572,1.0692753593702449,0.0007119849574147,1.004063467958909,0.0796112740463418
돼지,즉석,0.055194919738931,0.1862056800141118,0.0109895925207267,0.1991051454138702,1.0692753593702449,0.0007119849574147,1.0161063157365695,0.0685720303365122
사과,드레,0.2817604515787617,0.045845828188393,0.0131945669430234,0.0468290239779628,1.0214456980803046,0.0002770256896595,1.001031499924256,0.0292318020341003
드레,사과,0.045845828188393,0.2817604515787617,0.0131945669430234,0.2878030011542901,1.0214456980803048,0.0002770256896595,1.0084843794418143,0.0220042388460642
토마,드레,0.2165990474510495,0.045845828188393,0.0102310813194566,0.0472351168661943,1.0303034917832077,0.0003009186042462,1.0014581652854708,0.0375442477360766
드레,토마,0.045845828188393,0.2165990474510495,0.0102310813194566,0.2231627549057329,1.0303034917832072,0.0003009186042462,1.008449269774503,0.0308254161728735
딸기,라면,0.1215734697477509,0.1144822720056447,0.0141294760980772,0.1162217063261752,1.015193918587192,0.0002114690657452,1.0019681795004265,0.0170378717033044
라면,딸기,0.1144822720056447,0.1215734697477509,0.0141294760980772,0.1234206471494607,1.015193918587192,0.0002114690657452,1.0021072563433109,0.016901432969744
딸기,마른,0.1215734697477509,0.0910742635385429,0.0113600282236726,0.0934416715031921,1.0259942586705328,0.0002878140005708,1.0026114237663832,0.0288421121953813
마른,딸기,0.0910742635385429,0.1215734697477509,0.0113600282236726,0.1247336819678481,1.0259942586705328,0.0002878140005708,1.0036105721824211,0.0278743086751722
딸기,미역,0.1215734697477509,0.0924148879872993,0.0116069853589698,0.0954730121880441,1.033091250418061,0.0003717867700041,1.003380909847856,0.0364643982357418
미역,딸기,0.0924148879872993,0.1215734697477509,0.0116069853589698,0.1255964878793663,1.033091250418061,0.0003717867700041,1.0046008714236043,0.0352928826134277
딸기,빵,0.1215734697477509,0.08904568707003,0.0111483506791321,0.0917005223447475,1.0298143050165882,0.0003227575359561,1.00292286337274,0.0329579602861382
빵,딸기,0.08904568707003,0.1215734697477509,0.0111483506791321,0.1251980982567353,1.0298143050165882,0.0003227575359561,1.0041433706325529,0.0317811182047386
딸기,생선,0.1215734697477509,0.1191038983947786,0.0152937025930499,0.1257980266976204,1.0562041074478823,0.0008138284047131,1.0076574161432672,0.0605779760845118
생선,딸기,0.1191038983947786,0.1215734697477509,0.0152937025930499,0.1284063981042654,1.0562041074478823,0.0008138284047131,1.0078395806734384,0.0604081471636132
딸기,스낵,0.1215734697477509,0.1032633621449991,0.0127888516493208,0.1051944283226929,1.0187004000023,0.0002347664155347,1.002158084659748,0.0208977233540747
스낵,딸기,0.1032633621449991,0.1215734697477509,0.0127888516493208,0.1238469422617014,1.0187004000023,0.0002347664155347,1.0025948348794436,0.0204710210792787
딸기,즉석,0.1215734697477509,0.1862056800141118,0.0229846533780208,0.1890597794544399,1.015327671208052,0.0003469827719657,1.0035194942463306,0.0171855924951384
즉석,딸기,0.1862056800141118,0.1215734697477509,0.0229846533780208,0.1234369079196665,1.0153276712080523,0.0003469827719657,1.0021258460329343,0.0185504863023563
딸기,커피,0.1215734697477509,0.170682660081143,0.0210089962956429,0.1728090539756239,1.0124581717525962,0.0002585130838024,1.00257062036849,0.014007859594913
커피,딸기,0.170682660081143,0.1215734697477509,0.0210089962956429,0.1230880529144274,1.0124581717525962,0.0002585130838024,1.0017271781639083,0.0148373546626001
라면,블루,0.1144822720056447,0.1006879520197565,0.0117833833127535,0.1029275808936826,1.0222432657433194,0.0002563978019364,1.0024965976282687,0.0245723692058115
블루,라면,0.1006879520197565,0.1144822720056447,0.0117833833127535,0.1170287316047652,1.0222432657433194,0.0002563978019364,1.002883966545988,0.024195459851158
라면,사과,0.1144822720056447,0.2817604515787617,0.0326512612453695,0.2852080123266564,1.0122357865647125,0.0003946845872964,1.0048231664698937,0.0136506378591523
사과,라면,0.2817604515787617,0.1144822720056447,0.0326512612453695,0.1158830526513491,1.0122357865647125,0.0003946845872964,1.0015843838871148,0.0168298750037931
라면,상추,0.1144822720056447,0.1528488269536073,0.0179043923090492,0.1563944530046225,1.0231969464318582,0.0004059113260026,1.0042029430266828,0.0256020253959532
상추,라면,0.1528488269536073,0.1144822720056447,0.0179043923090492,0.117137911136757,1.023196946431858,0.0004059113260026,1.0030079886367436,0.026761513271772
라면,키위,0.1144822720056447,0.1144293526195096,0.0142353148703475,0.1243451463790447,1.0866542852209102,0.0011351825983309,1.011323860900824,0.0900536639069497
키위,라면,0.1144293526195096,0.1144822720056447,0.0142353148703475,0.1244026514567596,1.0866542852209102,0.0011351825983309,1.0113298418132717,0.0900482825354835
토마,라면,0.2165990474510495,0.1144822720056447,0.026159816546128,0.1207753074354589,1.0549695190317667,0.0013630654796734,1.007157482590097,0.0665116818679825
라면,토마,0.1144822720056447,0.2165990474510495,0.026159816546128,0.2285053929121726,1.0549695190317667,0.0013630654796734,1.0154328304459137,0.0588416395107365
파,라면,0.1207796789557241,0.1144822720056447,0.0142353148703475,0.1178618373010077,1.0295204247448582,0.0004081828113838,1.0038311065525414,0.0326129374612989
라면,파,0.1144822720056447,0.1207796789557241,0.0142353148703475,0.1243451463790447,1.0295204247448582,0.0004081828113838,1.004071772580917,0.0323810088024606
라면,파프,0.1144822720056447,0.1019227376962427,0.0127712118539424,0.1115562403697996,1.094517699301479,0.0011028652734412,1.010843120421676,0.0975198652902202
파프,라면,0.1019227376962427,0.1144822720056447,0.0127712118539424,0.1253028729664243,1.094517699301479,0.0011028652734412,1.0123706830928738,0.0961560582489208
라면,풋고,0.1144822720056447,0.0827306403245722,0.0101781619333215,0.0889060092449922,1.0746442780594057,0.0007069702644827,1.0067779712994294,0.0784394484453865
풋고,라면,0.0827306403245722,0.1144822720056447,0.0101781619333215,0.1230277185501066,1.0746442780594057,0.0007069702644827,1.0097442607083702,0.0757242367684308
라면,호박,0.1144822720056447,0.177385782324925,0.0207973187511024,0.1816640986132511,1.024118710261059,0.0004897913690463,1.0052280686709163,0.0265953995721948
호박,라면,0.177385782324925,0.1144822720056447,0.0207973187511024,0.1172434367541766,1.024118710261059,0.0004897913690463,1.0031278892318616,0.0286290916182223
사과,마른,0.2817604515787617,0.0910742635385429,0.0266537308167225,0.094597132661366,1.038681280374364,0.0009926051948995,1.003890940983187,0.0518500550042866
마른,사과,0.0910742635385429,0.2817604515787617,0.0266537308167225,0.2926593066046872,1.038681280374364,0.0009926051948995,1.015408211527616,0.0409722803502928
상추,마른,0.1528488269536073,0.0910742635385429,0.0139883577350502,0.0915175995383727,1.0048678516037872,6.776338752029383e-05,1.0004879962447313,0.0057183069190137
마른,상추,0.0910742635385429,0.1528488269536073,0.0139883577350502,0.1535928723610304,1.004867851603787,6.776338752029383e-05,1.0008790632582438,0.005329665802116
파,마른,0.1207796789557241,0.0910742635385429,0.0116422649497265,0.096392580692274,1.0583953901694776,0.0006423446384123,1.0058856501618871,0.0627527709735843
마른,파,0.0910742635385429,0.1207796789557241,0.0116422649497265,0.1278326554328878,1.0583953901694776,0.0006423446384123,1.0080867238622244,0.0607018915061301
호박,마른,0.177385782324925,0.0910742635385429,0.01681072499559,0.094769291964996,1.0405715981978745,0.0006554455081392,1.0040818637653974,0.0473973364326098
마른,호박,0.0910742635385429,0.177385782324925,0.01681072499559,0.1845826070114274,1.0405715981978745,0.0006554455081392,1.008825939633352,0.0428964889707983
맛김,사과,0.0492326689010407,0.2817604515787617,0.0148174281178338,0.3009673951988534,1.068167634997997,0.0009456090958489,1.0274764631694904,0.0671219494309905
사과,맛김,0.2817604515787617,0.0492326689010407,0.0148174281178338,0.0525887435046641,1.0681676349979967,0.0009456090958489,1.003542363024098,0.0888524683149779
토마,맛김,0.2165990474510495,0.0492326689010407,0.0106897159992944,0.0493525531395064,1.0024350546322545,2.596681185607075e-05,1.0001261079897303,0.0031007615408812
맛김,토마,0.0492326689010407,0.2165990474510495,0.0106897159992944,0.2171264779648871,1.0024350546322542,2.596681185607075e-05,1.0006737110133277,0.0025549253379854
미역,키위,0.0924148879872993,0.1144293526195096,0.0112189098606456,0.1213972132086276,1.0608922486198704,0.0006439340558544,1.0079306151697565,0.0632416762410202
키위,미역,0.1144293526195096,0.0924148879872993,0.0112189098606456,0.0980422383227994,1.0608922486198704,0.0006439340558544,1.0062390397583985,0.0648138056346579
파,미역,0.1207796789557241,0.0924148879872993,0.01171282413124,0.096976778151015,1.0493631520101248,0.0005509836294048,1.005051797177901,0.053503150494964
미역,파,0.0924148879872993,0.1207796789557241,0.01171282413124,0.1267417446077496,1.0493631520101248,0.0005509836294048,1.0068273796614124,0.051831014559882
미역,호박,0.0924148879872993,0.177385782324925,0.0174986770153466,0.1893491124260355,1.067442440675413,0.0011055898112492,1.0147576845772823,0.0696147791102213
호박,미역,0.177385782324925,0.0924148879872993,0.0174986770153466,0.0986475735879077,1.067442440675413,0.0011055898112492,1.006914815357427,0.076805549599005
상추,밤,0.1528488269536073,0.0844064208855177,0.0132827659199153,0.0869013271783035,1.0295582524008415,0.0003813435002114,1.002732351242036,0.0338896366641711
밤,상추,0.0844064208855177,0.1528488269536073,0.0132827659199153,0.1573667711598746,1.0295582524008415,0.0003813435002114,1.005361697179313,0.0313563202157175
토마,밤,0.2165990474510495,0.0844064208855177,0.0190686188040218,0.0880364850557862,1.043006967149953,0.0007862684414663,1.003980492761808,0.0526341377159206
밤,토마,0.0844064208855177,0.2165990474510495,0.0190686188040218,0.225914315569488,1.0430069671499531,0.0007862684414663,1.012033897933782,0.0450348654291831
파,밤,0.1207796789557241,0.0844064208855177,0.0106897159992944,0.0885059149992697,1.048568510200335,0.0004951355829398,1.004497554269646,0.0526817573517479
밤,파,0.0844064208855177,0.1207796789557241,0.0106897159992944,0.1266457680250783,1.0485685102003348,0.0004951355829398,1.006716735151199,0.0505888995604118
호박,밤,0.177385782324925,0.0844064208855177,0.0157876168636443,0.0890015910898965,1.054441002902035,0.0008151178616199,1.0050441034357858,0.0627635673782503
밤,호박,0.0844064208855177,0.177385782324925,0.0157876168636443,0.187042842215256,1.054441002902035,0.0008151178616199,1.01187892842551,0.0563898699762513
배,즉석,0.0584759216793085,0.1862056800141118,0.0111307108837537,0.1903469079939668,1.0222400733400892,0.0002421621230061,1.0051148177172948,0.0231074425561448
즉석,배,0.1862056800141118,0.0584759216793085,0.0111307108837537,0.0597764304660856,1.022240073340089,0.0002421621230061,1.001383191007881,0.0267342902508829
생선,블루,0.1191038983947786,0.1006879520197565,0.0122067384018345,0.1024881516587677,1.017878997465933,0.0002144107948951,1.002005766990529,0.0199398699474053
블루,생선,0.1006879520197565,0.1191038983947786,0.0122067384018345,0.1212333566923616,1.017878997465933,0.0002144107948951,1.0024232352397535,0.0195315449655472
스낵,블루,0.1032633621449991,0.1006879520197565,0.0105133180455106,0.1018107277075504,1.0111510430520378,0.0001159415924562,1.0012500435291642,0.012298001574744
블루,스낵,0.1006879520197565,0.1032633621449991,0.0105133180455106,0.1044148563419761,1.0111510430520378,0.0001159415924562,1.0012857450853572,0.0122627831009707
잼,블루,0.1068442406068089,0.1006879520197565,0.0109895925207267,0.102856199438666,1.0215343283423224,0.000231664748921,1.002416833753466,0.02360212803817
블루,잼,0.1006879520197565,0.1068442406068089,0.0109895925207267,0.109145059565522,1.0215343283423224,0.000231664748921,1.0025827088724355,0.0234405584119231
즉석,블루,0.1862056800141118,0.1006879520197565,0.0190509790086434,0.1023114816218264,1.01612436810465,0.0003023104335764,1.0018085667454042,0.019499397086426
블루,즉석,0.1006879520197565,0.1862056800141118,0.0190509790086434,0.189208128941836,1.0161243681046497,0.0003023104335764,1.0037031068451705,0.0176451529007331
커피,블루,0.170682660081143,0.1006879520197565,0.0174810372199682,0.1024183546920215,1.0171857966872284,0.0002953497311136,1.001927849885646,0.0203727021733914
블루,커피,0.1006879520197565,0.170682660081143,0.0174810372199682,0.1736159775753329,1.0171857966872284,0.0002953497311136,1.0035495815681228,0.0187870664152019
토마,빵,0.2165990474510495,0.08904568707003,0.0204268830481566,0.0943073540190569,1.0590895204715405,0.0011396720491639,1.0058095502623057,0.0712186438429632
빵,토마,0.08904568707003,0.2165990474510495,0.0204268830481566,0.2293977812995245,1.0590895204715405,0.0011396720491639,1.01660874253653,0.0612464891311304
호박,빵,0.177385782324925,0.08904568707003,0.0160169342035632,0.0902943516308671,1.0140227404821431,0.0002214953399855,1.0013726028447507,0.0168108235865797
빵,호박,0.08904568707003,0.177385782324925,0.0160169342035632,0.1798732171156893,1.0140227404821431,0.0002214953399855,1.0030329881216855,0.0151805884190496
사과,생선,0.2817604515787617,0.1191038983947786,0.0347856764861527,0.1234583359419019,1.0365599917870885,0.0012269082896489,1.0049677473709164,0.0491068788716813
생선,사과,0.1191038983947786,0.2817604515787617,0.0347856764861527,0.2920616113744075,1.0365599917870885,0.0012269082896489,1.014550926974937,0.0400393445275792
사과,소시,0.2817604515787617,0.0538542952901746,0.0152407832069148,0.0540912790333688,1.0044004613172874,6.677264649921841e-05,1.0002505355304814,0.0060998897994196
소시,사과,0.0538542952901746,0.2817604515787617,0.0152407832069148,0.2830003275466754,1.0044004613172874,6.677264649921841e-05,1.0017292559753497,0.0046305575062544
사과,잼,0.2817604515787617,0.1068442406068089,0.0312400776150996,0.1108746008890001,1.037721830014433,0.0011355961331353,1.0045329492175354,0.0506107165146067
잼,사과,0.1068442406068089,0.2817604515787617,0.0312400776150996,0.2923889714380056,1.037721830014433,0.0011355961331353,1.0150202857646853,0.0406990805270326
사과,즉석,0.2817604515787617,0.1862056800141118,0.0532721820426883,0.1890690540286734,1.0153774794321235,0.0008067855553817,1.0035309714455796,0.0210857140719491
즉석,사과,0.1862056800141118,0.2817604515787617,0.0532721820426883,0.2860932171276999,1.0153774794321235,0.0008067855553817,1.0060690914456731,0.0186098543344941
사과,카레,0.2817604515787617,0.055053801375904,0.0158052566590227,0.0560946597383084,1.018906203320956,0.0002932727222205,1.0011027147723477,0.0258345441444256
카레,사과,0.055053801375904,0.2817604515787617,0.0158052566590227,0.2870874719641141,1.018906203320956,0.0002932727222205,1.007472193538285,0.0196364526858552
사과,커피,0.2817604515787617,0.170682660081143,0.0485447168812841,0.1722907406248043,1.0094214640368089,0.000453093500157,1.001942808450488,0.0129950077991538
커피,사과,0.170682660081143,0.2817604515787617,0.0485447168812841,0.2844150475403059,1.0094214640368089,0.000453093500157,1.0037096866730073,0.0112544717011559
사과,파스,0.2817604515787617,0.0354030693243958,0.0100017639795378,0.0354974018656482,1.002664530026707,2.6579179421859847e-05,1.0000978043412585,0.0036999482685558
파스,사과,0.0354030693243958,0.2817604515787617,0.0100017639795378,0.2825112107623318,1.002664530026707,2.6579179421859847e-05,1.0010463706121009,0.002754984065446
사과,혼합,0.2817604515787617,0.0815134944434644,0.0230728523549126,0.0818881863144055,1.0045966851685029,0.0001055733507592,1.00040811137092,0.0063706493819991
혼합,사과,0.0815134944434644,0.2817604515787617,0.0230728523549126,0.2830556156676044,1.0045966851685029,0.0001055733507592,1.0018065056608942,0.0049817306052902
상추,생선,0.1528488269536073,0.1191038983947786,0.0189627800317516,0.1240623196768609,1.041631057831938,0.000757888876508,1.0056607009761849,0.0471783349273028
생선,상추,0.1191038983947786,0.1528488269536073,0.0189627800317516,0.1592120853080568,1.041631057831938,0.000757888876508,1.0075682086329476,0.0453710508006672
상추,즉석,0.1528488269536073,0.1862056800141118,0.0293526195096136,0.1920369301788805,1.0313161777037456,0.0008912997473579,1.0072172236362975,0.0358439614783967
즉석,상추,0.1862056800141118,0.1528488269536073,0.0293526195096136,0.1576354679802955,1.0313161777037456,0.0008912997473579,1.005682386715893,0.0373131800841029
상추,치즈,0.1528488269536073,0.0855000881989768,0.0139354383489151,0.0911713791113675,1.0663308194395351,0.0008668501632715,1.006240220413443,0.0734281327631311
치즈,상추,0.0855000881989768,0.1528488269536073,0.0139354383489151,0.1629874148958118,1.0663308194395351,0.0008668501632715,1.0121128261660994,0.0680204863906289
커피,상추,0.170682660081143,0.1528488269536073,0.0264949726583171,0.1552294336502687,1.0155749098250124,0.0004063282835931,1.0028180511863096,0.0184923809702378
상추,커피,0.1528488269536073,0.170682660081143,0.0264949726583171,0.1733410271206001,1.0155749098250126,0.0004063282835931,1.0032157965094088,0.0181030879528321
상추,혼합,0.1528488269536073,0.0815134944434644,0.0125066149232668,0.0818234275822273,1.003802231040136,4.7372916693958975e-05,1.000337552871717,0.0044712549073451
혼합,상추,0.0815134944434644,0.1528488269536073,0.0125066149232668,0.1534299935078987,1.003802231040136,4.7372916693958975e-05,1.0006864955642587,0.0041239896469156
파,생선,0.1207796789557241,0.1191038983947786,0.0147468689363203,0.1220972688768803,1.0251324307805612,0.0003615383258237,1.0034096835286892,0.0278841111328806
생선,파,0.1191038983947786,0.1207796789557241,0.0147468689363203,0.1238151658767772,1.0251324307805612,0.0003615383258237,1.0034644367293697,0.0278310655451994
파프,생선,0.1019227376962427,0.1191038983947786,0.012559534309402,0.1232260297680858,1.0346095419953771,0.000420138914711,1.0047014755378936,0.0372482326852589
생선,파프,0.1191038983947786,0.1019227376962427,0.012559534309402,0.1054502369668246,1.0346095419953771,0.000420138914711,1.0039433236879087,0.0379747291135388
호박,생선,0.177385782324925,0.1191038983947786,0.0221026636091021,0.1246022275258552,1.0461641407643263,0.0009753254143959,1.006280949419755,0.0536424636454274
생선,호박,0.1191038983947786,0.177385782324925,0.0221026636091021,0.185574644549763,1.0461641407643263,0.0009753254143959,1.0100547731845984,0.0500933687700922
토마,소시,0.2165990474510495,0.0538542952901746,0.0123125771741047,0.0568450199527648,1.0555336328602167,0.0006477881131054,1.0031709790287493,0.067158333924215
소시,토마,0.0538542952901746,0.2165990474510495,0.0123125771741047,0.2286275794300688,1.0555336328602167,0.0006477881131054,1.015593676489149,0.0556065545781515
호박,소시,0.177385782324925,0.0538542952901746,0.0103016405009701,0.0580747812251392,1.0783686038824574,0.000748654199365,1.0044807017062929,0.0883443263513422
소시,호박,0.0538542952901746,0.177385782324925,0.0103016405009701,0.1912872584343269,1.0783686038824574,0.000748654199365,1.0171896340874864,0.0768098386387847
즉석,쇠고,0.1862056800141118,0.048774034221203,0.0101252425471864,0.0543766578249336,1.114868980866362,0.0010432403379957,1.005924794105488,0.1266089133774677
쇠고,즉석,0.048774034221203,0.1862056800141118,0.0101252425471864,0.2075949367088607,1.1148689808663617,0.0010432403379957,1.0269928319310728,0.108316654793808
수박,즉석,0.0753219262656553,0.1862056800141118,0.0142176750749691,0.1887587822014051,1.013711193917929,0.0001923045746999,1.0031471554098563,0.014627512276772
즉석,수박,0.1862056800141118,0.0753219262656553,0.0142176750749691,0.0763546798029556,1.013711193917929,0.0001923045746999,1.0011181278297172,0.0166205877129317
수박,커피,0.0753219262656553,0.170682660081143,0.0132827659199153,0.1763466042154566,1.0331840629365687,0.0004266191824575,1.0068766111610803,0.0347345198881442
커피,수박,0.170682660081143,0.0753219262656553,0.0132827659199153,0.0778214138073584,1.0331840629365687,0.0004266191824575,1.002710415942342,0.0387285389997983
토마,스낵,0.2165990474510495,0.1032633621449991,0.0225436584935614,0.1040801368189592,1.007909626967338,0.0001769126163618,1.0009116604146493,0.0100172915330052
스낵,토마,0.1032633621449991,0.2165990474510495,0.0225436584935614,0.2183122651178681,1.007909626967338,0.0001769126163618,1.0021916906078576,0.0087512379863147
파,스낵,0.1207796789557241,0.1032633621449991,0.0128946904215911,0.1067620855849277,1.033881556510002,0.0004225746938294,1.0039168998353811,0.0372730428264312
스낵,파,0.1032633621449991,0.1207796789557241,0.0128946904215911,0.1248718824735223,1.033881556510002,0.0004225746938294,1.004676119342805,0.036544973514789
스낵,파프,0.1032633621449991,0.1019227376962427,0.0111483506791321,0.1079603689784762,1.0592373342661503,0.0006234661055952,1.0067683442217914,0.0623644810664422
파프,스낵,0.1019227376962427,0.1032633621449991,0.0111483506791321,0.109380408445829,1.0592373342661503,0.0006234661055952,1.006868304221958,0.0622713851251897
스낵,호박,0.1032633621449991,0.177385782324925,0.0192979361439407,0.1868807652886914,1.053527305510732,0.000980483864348,1.0116772332499766,0.0566584477193966
호박,스낵,0.177385782324925,0.1032633621449991,0.0192979361439407,0.1087907716785998,1.053527305510732,0.000980483864348,1.0062021457565151,0.0617637099168685
키위,잼,0.1144293526195096,0.1068442406068089,0.0122949373787264,0.1074456605518729,1.0056289411731352,6.882009496613807e-05,1.0006738188572764,0.0063207080830023
잼,키위,0.1068442406068089,0.1144293526195096,0.0122949373787264,0.1150734687138847,1.0056289411731352,6.882009496613807e-05,1.0007278752208266,0.0062670295635449
파,잼,0.1207796789557241,0.1068442406068089,0.0133709648968071,0.1107054184314298,1.036138380531246,0.0004663518180486,1.0043418434168463,0.0396691786351624
잼,파,0.1068442406068089,0.1207796789557241,0.0133709648968071,0.1251444609542678,1.036138380531246,0.0004663518180486,1.0049891459832383,0.0390502413586475
잼,파프,0.1068442406068089,0.1019227376962427,0.0114305874051861,0.1069836552748885,1.0496544509403656,0.000540729895464,1.0056672171887333,0.0529644698121779
파프,잼,0.1019227376962427,0.1068442406068089,0.0114305874051861,0.1121495327102803,1.0496544509403656,0.000540729895464,1.00597543426391,0.0526742221873037
커피,전복,0.170682660081143,0.0669077438701711,0.011571705768213,0.0677966101694915,1.013284953996434,0.0001517140644244,1.0009535111210892,0.0158091206874548
전복,커피,0.0669077438701711,0.170682660081143,0.011571705768213,0.17295017136831,1.013284953996434,0.0001517140644244,1.0027416864240437,0.0140508913548972
키위,즉석,0.1144293526195096,0.1862056800141118,0.0224554595166696,0.1962386311083706,1.053881015302532,0.0011480640985792,1.0124824997599648,0.0577325813677226
즉석,키위,0.1862056800141118,0.1144293526195096,0.0224554595166696,0.1205949223190602,1.0538810153025322,0.0011480640985792,1.007011069023856,0.0628245715178345
토마,즉석,0.2165990474510495,0.1862056800141118,0.0406950079379079,0.1878817493281211,1.0090011717896163,0.0003630350168763,1.0020638242184838,0.0113873661321562
즉석,토마,0.1862056800141118,0.2165990474510495,0.0406950079379079,0.2185486926866237,1.0090011717896163,0.0003630350168763,1.0024949030314854,0.0109620738998393
파,즉석,0.1207796789557241,0.1862056800141118,0.0232492503086964,0.1924930626551774,1.0337657940433884,0.0007593880568596,1.0077861654808058,0.0371498523573428
즉석,파,0.1862056800141118,0.1207796789557241,0.0232492503086964,0.1248579007199696,1.0337657940433884,0.0007593880568596,1.0046600680822015,0.0401365606937842
파프,즉석,0.1019227376962427,0.1862056800141118,0.0192979361439407,0.1893388715818622,1.0168265090920583,0.0003193434623119,1.003864983108126,0.0184261016894619
즉석,파프,0.1862056800141118,0.1019227376962427,0.0192979361439407,0.103637741568776,1.0168265090920583,0.0003193434623119,1.0019132932655317,0.0203344537480791
풋고,즉석,0.0827306403245722,0.1862056800141118,0.0162638913388604,0.1965884861407249,1.0557598786773112,0.0008589761992205,1.01292339722235,0.0575784248289671
즉석,풋고,0.1862056800141118,0.0827306403245722,0.0162638913388604,0.0873436907919666,1.0557598786773112,0.0008589761992205,1.0050545319424762,0.0648995988014542
호박,즉석,0.177385782324925,0.1862056800141118,0.0331628153113423,0.1869530628480509,1.0040137488495648,0.0001325750886945,1.0009192370080835,0.0048597544116749
즉석,호박,0.1862056800141118,0.177385782324925,0.0331628153113423,0.1780977643046608,1.0040137488495648,0.0001325750886945,1.00086626115469,0.0049124243992293
키위,치즈,0.1144293526195096,0.0855000881989768,0.010813194566943,0.0944966856790504,1.105223253795207,0.0010294748254231,1.009935466096908,0.1075074349852487
치즈,키위,0.0855000881989768,0.1144293526195096,0.010813194566943,0.1264699814318134,1.105223253795207,0.0010294748254231,1.013783875260566,0.1041065478186918
토마,치즈,0.2165990474510495,0.0855000881989768,0.0192097371670488,0.0886880039091131,1.0372855253987256,0.0006904995061697,1.003498160590238,0.0458836390086018
치즈,토마,0.0855000881989768,0.2165990474510495,0.0192097371670488,0.2246750567361254,1.0372855253987254,0.0006904995061697,1.0104162897830662,0.0393059485757193
호박,치즈,0.177385782324925,0.0855000881989768,0.0152584230022931,0.0860182975338106,1.0060609216405458,9.192296826756632e-05,1.00056697998815,0.0073234914316156
치즈,호박,0.0855000881989768,0.177385782324925,0.0152584230022931,0.1784609036517433,1.0060609216405458,9.192296826756632e-05,1.0013086672704894,0.0065876530953448
토마,카레,0.2165990474510495,0.055053801375904,0.011995060857294,0.0553791025327795,1.0059087864733331,7.045992071395835e-05,1.0003443721790908,0.0074981754652729
카레,토마,0.055053801375904,0.2165990474510495,0.011995060857294,0.2178788849727651,1.005908786473333,7.045992071395835e-05,1.0016363674335411,0.006216309257
커피,파프,0.170682660081143,0.1019227376962427,0.0178338331275357,0.1044853245142621,1.0251424449140738,0.0004373891347884,1.0028615799251188,0.0295734877381686
파프,커피,0.1019227376962427,0.170682660081143,0.0178338331275357,0.1749740394600207,1.0251424449140738,0.0004373891347884,1.005201508296865,0.027309238539485
커피,풋고,0.170682660081143,0.0827306403245722,0.0147292291409419,0.0862959900785448,1.0430958800752042,0.0006085433801276,1.003902083951978,0.0498185150097982
풋고,커피,0.0827306403245722,0.170682660081143,0.0147292291409419,0.1780383795309168,1.0430958800752042,0.0006085433801276,1.0089489816392838,0.045041685859051
커피,호박,0.170682660081143,0.177385782324925,0.0313811959781266,0.1838569656883009,1.036480845750774,0.0011045187903338,1.0079289819202262,0.0424407325549257
호박,커피,0.177385782324925,0.170682660081143,0.0313811959781266,0.176909307875895,1.036480845750774,0.0011045187903338,1.0075649595534644,0.0427865634587913
호박,혼합,0.177385782324925,0.0815134944434644,0.0150996648438878,0.0851233094669848,1.044284876365153,0.0006403298619954,1.003945684769187,0.0515513730105066
혼합,호박,0.0815134944434644,0.177385782324925,0.0150996648438878,0.1852412897641203,1.044284876365153,0.0006403298619954,1.0096415139114268,0.0461704032912475
"과일, 냉동",고구,0.0453519139177985,0.2337978479449638,0.0111307108837537,0.2454297938545313,1.0497521513213657,0.0005275310095871,1.0154153262543804,0.049645716756895
고구,"과일, 냉동",0.2337978479449638,0.0453519139177985,0.0111307108837537,0.0476082692017504,1.0497521513213657,0.0005275310095871,1.0023691462357205,0.0618559845558155
"냉동, 김",고구,0.0569765390721467,0.2337978479449638,0.0139883577350502,0.2455108359133127,1.0500987843613776,0.0006673655166302,1.0155243952145123,0.0505911480410571
고구,"냉동, 김",0.2337978479449638,0.0569765390721467,0.0139883577350502,0.0598309944167798,1.0500987843613776,0.0006673655166302,1.0030361087503223,0.0622663867362306
"김치, 고구",냉동,0.0368318927500441,0.3855353677897336,0.01464103016405,0.3975095785440612,1.031058657012392,0.0004410328462698,1.019874524686038,0.0312749919130019
냉동,"김치, 고구",0.3855353677897336,0.0368318927500441,0.01464103016405,0.0379758418740849,1.0310586570123916,0.0004410328462698,1.0011891064422638,0.0490232849639356
"고구, 사과",냉동,0.0549832421943905,0.3855353677897336,0.0226847768565884,0.4125761950593519,1.070138382957296,0.0014867923549021,1.0460329102126709,0.0693547639347006
냉동,"고구, 사과",0.3855353677897336,0.0549832421943905,0.0226847768565884,0.0588396778916544,1.070138382957296,0.0014867923549021,1.004097533232834,0.106664258146458
"고구, 상추",냉동,0.0295642970541541,0.3855353677897336,0.0120479802434291,0.4075178997613365,1.057018198090692,0.0006498981052109,1.03710244066909,0.0555858508743229
냉동,"고구, 상추",0.3855353677897336,0.0295642970541541,0.0120479802434291,0.03125,1.057018198090692,0.0006498981052109,1.001740080460228,0.0877877935350519
"냉동, 즉석",고구,0.0649497265831716,0.2337978479449638,0.0152584230022931,0.234926670287887,1.0048281981756688,7.331670253383528e-05,1.0014754433321416,0.0051387597291454
고구,"냉동, 즉석",0.2337978479449638,0.0649497265831716,0.0152584230022931,0.0652633167345707,1.0048281981756688,7.331670253383528e-05,1.000335485016276,0.0062711892375573
"커피, 냉동",고구,0.0583700829070382,0.2337978479449638,0.0147468689363203,0.252644303414929,1.0806100468230213,0.0011000691682856,1.0252175176506733,0.0792209277551489
고구,"커피, 냉동",0.2337978479449638,0.0583700829070382,0.0147468689363203,0.0630752980232382,1.0806100468230213,0.0011000691682856,1.0050219778668157,0.0973591570240723
"토마, 고구",냉동,0.0422825895219615,0.3855353677897336,0.0164226494972658,0.3884021693783896,1.007435897788292,0.000121215794814,1.0046873965948218,0.0077068801787048
냉동,"토마, 고구",0.3855353677897336,0.0422825895219615,0.0164226494972658,0.0425969985358711,1.007435897788292,0.000121215794814,1.0003283977733817,0.0120121044250567
"고구, 호박",냉동,0.0345034397600987,0.3855353677897336,0.0140941965073205,0.4084867075664622,1.0595310876620947,0.0007919001693999,1.0388010549725852,0.0581941571737575
냉동,"고구, 호박",0.3855353677897336,0.0345034397600987,0.0140941965073205,0.036557467057101,1.059531087662095,0.0007919001693999,1.0021319665955877,0.0914393695455142
"고구, 사과",즉석,0.0549832421943905,0.1862056800141118,0.0104780384547539,0.190567853705486,1.0234266413948467,0.0002398464525668,1.0053891777233506,0.0242222120407026
즉석,"고구, 사과",0.1862056800141118,0.0549832421943905,0.0104780384547539,0.0562713148920045,1.0234266413948467,0.0002398464525668,1.0013648760686622,0.028127987290427
"고등, 사과",냉동,0.0400952548950432,0.3855353677897336,0.0155582995237255,0.3880334359876815,1.0064794786851057,0.0001001606811419,1.0040820337986596,0.0067066710053801
냉동,"고등, 사과",0.3855353677897336,0.0400952548950432,0.0155582995237255,0.0403550512445095,1.0064794786851052,0.0001001606811419,1.0002707213223008,0.0104770315237919
"냉동, 즉석",고등,0.0649497265831716,0.1605574175339566,0.010813194566943,0.1664856056491037,1.0369225427650728,0.0003850341972124,1.0071122804300985,0.0380811736256745
고등,"냉동, 즉석",0.1605574175339566,0.0649497265831716,0.010813194566943,0.0673478356405185,1.0369225427650726,0.0003850341972124,1.0025712791424164,0.042418400679788
"과일, 냉동",사과,0.0453519139177985,0.2817604515787617,0.0131592873522667,0.2901594710229483,1.0298090785883016,0.0003809116068266,1.0118322624608238,0.0303213497293994
사과,"과일, 냉동",0.2817604515787617,0.0453519139177985,0.0131592873522667,0.046703812683904,1.0298090785883014,0.0003809116068266,1.0014181308853356,0.0403016215832544
"냉동, 김",사과,0.0569765390721467,0.2817604515787617,0.0161933321573469,0.2842105263157894,1.008695594868973,0.0001395967789839,1.0034228985296711,0.0091414834213187
사과,"냉동, 김",0.2817604515787617,0.0569765390721467,0.0161933321573469,0.0574719839729543,1.008695594868973,0.0001395967789839,1.000525655357064,0.0120024486996512
"냉동, 김",호박,0.0569765390721467,0.177385782324925,0.0107779149761862,0.1891640866873065,1.0663993709530035,0.0006710870187068,1.0145261256550182,0.0660270033792492
호박,"냉동, 김",0.177385782324925,0.0569765390721467,0.0107779149761862,0.0607597454256165,1.0663993709530035,0.0006710870187068,1.004027943154102,0.075691632728367
"김치, 사과",냉동,0.0436408537660963,0.3855353677897336,0.0177456341506438,0.406628940986257,1.0547124205943863,0.0009205415432739,1.035548705782152,0.0542413953639824
냉동,"김치, 사과",0.3855353677897336,0.0436408537660963,0.0177456341506438,0.046028550512445,1.0547124205943863,0.0009205415432739,1.0025029016828872,0.0844218720518365
"냉동, 즉석",김치,0.0649497265831716,0.1897336390897865,0.0128770506262127,0.1982618142313959,1.0449481451076457,0.0005539026437009,1.010637107341262,0.0460025677178735
김치,"냉동, 즉석",0.1897336390897865,0.0649497265831716,0.0128770506262127,0.0678690963183339,1.044948145107646,0.0005539026437009,1.003131931066368,0.0530871273912361
"커피, 냉동",김치,0.0583700829070382,0.1897336390897865,0.0116422649497265,0.199456029011786,1.051242309843636,0.0005674967058016,1.0121447294269144,0.0517661203935346
김치,"커피, 냉동",0.1897336390897865,0.0583700829070382,0.0116422649497265,0.0613611007809594,1.051242309843636,0.0005674967058016,1.0031865479647282,0.0601586465957084
"김치, 토마",냉동,0.0326865408361263,0.3855353677897336,0.0127712118539424,0.390717754991905,1.0134420539207127,0.0001693943109123,1.0085057249651226,0.0137119582021937
냉동,"김치, 토마",0.3855353677897336,0.0326865408361263,0.0127712118539424,0.033125915080527,1.0134420539207123,0.0001693943109123,1.0004544275736145,0.0215858831008124
"김치, 호박",냉동,0.027482801199506,0.3855353677897336,0.0112012700652672,0.407573812580231,1.0571632245229363,0.0006056781969235,1.037200321759041,0.0556003315735863
냉동,"김치, 호박",0.3855353677897336,0.027482801199506,0.0112012700652672,0.0290538067349926,1.0571632245229363,0.0006056781969235,1.0016180150315064,0.0879990090232233
"딸기, 사과",냉동,0.0284882695360733,0.3855353677897336,0.0111307108837537,0.3907120743034056,1.013427319375003,0.0001474754104706,1.00849632217437,0.0136379364546114
냉동,"딸기, 사과",0.3855353677897336,0.0284882695360733,0.0111307108837537,0.0288707906295754,1.013427319375003,0.0001474754104706,1.0003938930986849,0.0215625351736155
"라면, 냉동",사과,0.0392485447168812,0.2817604515787617,0.0112718292467807,0.287191011235955,1.0192736760136665,0.000213141563543,1.0076185341975126,0.0196817039614391
사과,"라면, 냉동",0.2817604515787617,0.0392485447168812,0.0112718292467807,0.0400050084517623,1.0192736760136665,0.000213141563543,1.000787987168205,0.0263271853589356
"사과, 상추",냉동,0.0363732580702063,0.3855353677897336,0.0145528311871582,0.4000969932104752,1.0377698821880417,0.0005296537593503,1.0242732996099992,0.0377690206598457
냉동,"사과, 상추",0.3855353677897336,0.0363732580702063,0.0145528311871582,0.0377470717423133,1.0377698821880417,0.0005296537593503,1.0014277053691012,0.0592308107195859
"냉동, 생선",사과,0.0402187334626918,0.2817604515787617,0.0115540659728347,0.2872807017543859,1.0195919978999648,0.0002220174704608,1.0077453356310295,0.0200207359727035
사과,"냉동, 생선",0.2817604515787617,0.0402187334626918,0.0115540659728347,0.0410066988042321,1.0195919978999648,0.0002220174704608,1.0008216588588863,0.0267536469846698
"스낵, 냉동",사과,0.0355794672781795,0.2817604515787617,0.0101605221379432,0.285572632622707,1.0135298656095448,0.0001356353707115,1.0053359952572087,0.0138417335288391
사과,"스낵, 냉동",0.2817604515787617,0.0355794672781795,0.0101605221379432,0.0360608526889125,1.0135298656095448,0.0001356353707115,1.0004993939836095,0.0185860720883715
"잼, 냉동",사과,0.0360910213441524,0.2817604515787617,0.0108661139530781,0.3010752688172043,1.0685504907811505,0.000697091481211,1.0276350462026946,0.0665548171541509
사과,"잼, 냉동",0.2817604515787617,0.0360910213441524,0.0108661139530781,0.038565078570087,1.06855049078115,0.000697091481211,1.002573296611959,0.0893194839642269
"냉동, 즉석",사과,0.0649497265831716,0.2817604515787617,0.0192450167578056,0.2963063552417164,1.0516250722251863,0.000944752465814,1.0206707901532224,0.0525006619203908
사과,"냉동, 즉석",0.2817604515787617,0.0649497265831716,0.0192450167578056,0.068302760909034,1.0516250722251868,0.000944752465814,1.0035988454029698,0.0683487262587145
"커피, 냉동",사과,0.0583700829070382,0.2817604515787617,0.0170400423355089,0.2919310970081595,1.0360967814056574,0.000593661416932,1.0143639204976005,0.0369988228300459
사과,"커피, 냉동",0.2817604515787617,0.0583700829070382,0.0170400423355089,0.0604770550303637,1.0360967814056574,0.000593661416932,1.0022425978360685,0.0485063772254999
"사과, 키위",냉동,0.0261774563415064,0.3855353677897336,0.010813194566943,0.4130727762803234,1.0714264132197813,0.0007208593085206,1.0469179267509017,0.0684568118260782
냉동,"사과, 키위",0.3855353677897336,0.0261774563415064,0.010813194566943,0.0280472181551976,1.071426413219781,0.0007208593085206,1.0019237167160964,0.1084924715413238
"토마, 사과",냉동,0.0506791321220673,0.3855353677897336,0.0201799259128594,0.3981900452488687,1.0328236486620777,0.0006413280709136,1.0210276971313448,0.0334770864900749
냉동,"토마, 사과",0.3855353677897336,0.0506791321220673,0.0201799259128594,0.0523426061493411,1.0328236486620777,0.0006413280709136,1.001755353820978,0.0517206282263409
"파, 사과",냉동,0.0275004409948844,0.3855353677897336,0.0114482272005644,0.4162924951892238,1.0797777064548453,0.0008458345672218,1.0526927050723134,0.0759727377450526
냉동,"파, 사과",0.3855353677897336,0.0275004409948844,0.0114482272005644,0.0296943631039531,1.0797777064548453,0.0008458345672218,1.002261062932796,0.1202403687380862
"사과, 호박",냉동,0.040606808961016,0.3855353677897336,0.0169694831539954,0.417897480451781,1.0839407104141412,0.0013141221264426,1.055595211453756,0.0807180164023585
냉동,"사과, 호박",0.3855353677897336,0.040606808961016,0.0169694831539954,0.044015373352855,1.0839407104141412,0.0013141221264426,1.0035655012610334,0.1260289222050719
"냉동, 즉석",상추,0.0649497265831716,0.1528488269536073,0.0101605221379432,0.1564367191743617,1.0234734691280518,0.0002330326187478,1.004253257938447,0.0245282027660396
상추,"냉동, 즉석",0.1528488269536073,0.0649497265831716,0.0101605221379432,0.0664743219849971,1.023473469128052,0.0002330326187478,1.0016331585062206,0.0270732112904159
"냉동, 즉석",호박,0.0649497265831716,0.177385782324925,0.011995060857294,0.184682237914177,1.0411332604767998,0.0004739027955481,1.0089492170151986,0.0422524458017436
호박,"냉동, 즉석",0.177385782324925,0.0649497265831716,0.011995060857294,0.0676213206046141,1.0411332604767998,0.0004739027955481,1.0028653529735094,0.0480275688780466
"커피, 냉동",토마,0.0583700829070382,0.2165990474510495,0.0128417710354559,0.2200060441220912,1.0157295090220175,0.0001988666781527,1.004367978296969,0.0164458698417409
토마,"커피, 냉동",0.2165990474510495,0.0583700829070382,0.0128417710354559,0.0592882156527404,1.0157295090220175,0.0001988666781527,1.000975997920914,0.0197675570922063
"커피, 냉동",호박,0.0583700829070382,0.177385782324925,0.0112541894514023,0.1928074947113931,1.086938830070493,0.0009001666305666,1.0191053711294733,0.0849431651182757
호박,"커피, 냉동",0.177385782324925,0.0583700829070382,0.0112541894514023,0.0634447096260938,1.086938830070493,0.0009001666305666,1.0054183952311342,0.0972327292786095
"토마, 호박",냉동,0.0320338684071264,0.3855353677897336,0.012418415946375,0.3876651982378855,1.0055243451732123,6.822670830558715e-05,1.0034782123146078,0.0056758126882411
냉동,"토마, 호박",0.3855353677897336,0.0320338684071264,0.012418415946375,0.0322108345534407,1.0055243451732123,6.822670830558715e-05,1.0001828560936952,0.0089411076951985
